fp_type,confidence,text
longer_ambiguous,0.5698,"it is , but my roommates help out sometimes ."
short_question,0.905,interesting . how old are you ?
longer_ambiguous,0.5618,"maybe along with that pie you can take a pic of my cat , love him ."
longer_ambiguous,0.8426,i catch the football and hockey games .
longer_ambiguous,0.5174,that's probably entirely true . unless i were a rich dog . . .
short_other,0.9222,why do you hate it
short_question,0.9357,where do you live at then ?
longer_ambiguous,0.8141,going to the city that would be fun !
longer_ambiguous,0.5739,"kinda , i been in the game since i was four ."
longer_ambiguous,0.581,"what do you like ? iced coffee , i hope !"
longer_ambiguous,0.6578,"the plot thickens lol how cool , did you get his number or anything"
longer_ambiguous,0.8702,do you like meat lovers pizza
longer_ambiguous,0.7049,first yr ! do you have any hobbies ?
longer_ambiguous,0.7391,i had to call 911 once it was so bad . do you have any pets ?
longer_ambiguous,0.5596,yes they are . i will name mine charlie daniels he is my favorite
longer_ambiguous,0.5328,i trust only you . my vera is nice . why is yours dead ?
longer_ambiguous,0.6555,cool . . . i followed my father and became an author
longer_ambiguous,0.8566,"oh , you can never be too tall to dance !"
longer_ambiguous,0.7239,how does that feel for you
longer_ambiguous,0.9263,how so ? organic food is not nice .
longer_ambiguous,0.6523,"that is good , salads all day everyday ."
longer_ambiguous,0.7858,i've a girlfriend very in love hope to marry
longer_ambiguous,0.7233,fill out the necessary paperwork and send it to the rector of your parrish .
longer_ambiguous,0.6221,amazing have any pets ? i've three cats .
longer_ambiguous,0.7173,"i really enjoy free diving , how about you , have any hobbies ?"
longer_ambiguous,0.6413,no i don't have any it was boring growing up
longer_ambiguous,0.9189,"not necessarily , but if i stole something that was originally mine ?"
longer_ambiguous,0.8992,i bet that it really hurts
longer_ambiguous,0.5655,6 foot . my girl friend is 6 2 . love those long legs . she is beautiful . how about you ?
longer_ambiguous,0.7849,totally . i always look for ways to make money easily .
longer_ambiguous,0.8811,my granny loves to cliff dive
longer_ambiguous,0.8366,"did i say beer , lol"
longer_ambiguous,0.6775,i would love to travel as well .
longer_ambiguous,0.8571,"saving for college . my parents kicked me out at 14 , so its been rough ."
short_other,0.9335,do you get free pizza
longer_ambiguous,0.7542,"no just cats . i travel a lot , traveled around world on boat last year ."
longer_ambiguous,0.7215,that does sound fun take me
longer_ambiguous,0.6738,wish i can site it at the beach love reading books at the beach
short_question,0.8997,do you know mike trout ?
longer_ambiguous,0.6106,how nice . once i get my bachelors degree a great honeymoon spot
longer_ambiguous,0.7999,"music ? my fav singer of forever is ke ha , like wow ."
longer_ambiguous,0.7992,that is very true . do you ever donate ?
longer_ambiguous,0.8268,i suppose i should . got any hobbies ?
longer_ambiguous,0.7574,"my brother does too , especially since our parents moved to florida recently"
longer_ambiguous,0.7682,savage ? do you like death metal ? i know a member of martius .
longer_ambiguous,0.8074,halo is fine . where are you from ?
longer_ambiguous,0.6228,they're great . my mom and dad got it for me i still live with them
longer_ambiguous,0.5566,sounds super cool . i once created a dragon themed website .
longer_ambiguous,0.7419,me to ! i u don't like meat anymore
longer_ambiguous,0.7718,"no , i do not make enough money ."
longer_ambiguous,0.6118,so are you in an orchestra or something ?
longer_ambiguous,0.6221,"hello , how are you doing tonight ? its midnight here"
longer_ambiguous,0.8251,do you write for a living or as a hobby
longer_ambiguous,0.6826,my pet snake makes me smile . do you guys have any kids ?
short_question,0.9016,you play tennis or coach ?
longer_ambiguous,0.5026,"photographer , how about you ? what do you do ? hobbies ? spouse ?"
longer_ambiguous,0.584,lol its ok . what do you do for a living
longer_ambiguous,0.6702,"that sounds relaxing , i suppose"
longer_ambiguous,0.5767,cute ! my college sweetie and i are more into swimming . ya will have any other couple activities ?
longer_ambiguous,0.8077,oh does it really ? i squat 400 pounds . 400 ! ! !
longer_ambiguous,0.7375,"no , saving money to move to australia to marry my boyfriend soon ."
short_question,0.667,hello what are you doing ?
longer_ambiguous,0.9626,"sometimes i steal them , dust allergies this time of year"
longer_ambiguous,0.8628,it is how you like it
longer_ambiguous,0.6771,"that is cool , i used to have six cats ."
longer_ambiguous,0.5122,i really only can offer advice on colder parts of the country . sorry .
short_other,0.8868,i've a cat named radar
short_question,0.7573,did you go to college ?
short_question,0.5771,good job that must take patience ?
short_question,0.7113,"3 years , where do you work ?"
longer_ambiguous,0.5714,gonna go to the creek with my family !
longer_ambiguous,0.5417,hey how are you ? i wanted to go to florida to surf but no way !
longer_ambiguous,0.7067,i really love mexican food . burritos are my favorite !
longer_ambiguous,0.6028,staying here is fine too though . my two dogs keep me company .
longer_ambiguous,0.7494,dialectical behavioral therapy . i use it to help with my borderline personality
longer_ambiguous,0.5714,"hi , how are you doing today ? do you have any hobbies ?"
longer_ambiguous,0.5375,"just graduated , now teaching kindergarten in ny to 26 angels . you ?"
longer_ambiguous,0.7534,do you own your own company
longer_ambiguous,0.75,yes . lots of rabbits .
longer_ambiguous,0.655,you have a very important job also
longer_ambiguous,0.671,my family works for ge . my father included though recently retired .
short_other,0.8394,what are your favorite things
longer_ambiguous,0.8955,do you have a good relationship with your parents
short_other,0.8717,she's almost 8 months
short_other,0.7868,i hike at the park
longer_ambiguous,0.5976,yes actually . the love and war again .
longer_ambiguous,0.7482,"and interrupted my favorite tv show , the voice . whats your favorite show ?"
longer_ambiguous,0.8791,urban farms are the best . there's one on top of my apartment building .
short_question,0.8381,are you an alien or something ?
longer_ambiguous,0.6328,cuddle time with the animals ! do you have hobbies ?
short_question,0.5127,"hi , how are you doing today ?"
longer_ambiguous,0.5157,i hear the latest ones are waterproof . maybe i could take it snorkeling !
short_question,0.802,oh no why are u confined ?
longer_ambiguous,0.8657,who says fashion designer isn't a real job ?
longer_ambiguous,0.8905,can you prove that ? i might eat dust today .
longer_ambiguous,0.5949,that is impressive . do you get a lot of exercise there ?
longer_ambiguous,0.8636,my dog will not stop barking
longer_ambiguous,0.7309,"gas , gas and more gas not gasoline happens when i eat pudding ."
longer_ambiguous,0.6176,very cool . i shoot short films with my cam my folks got me .
short_other,0.8679,its hard not to sometimes
longer_ambiguous,0.6067,thank you . i also donate blood in honor of my deceased sister . do you ?
longer_ambiguous,0.6973,"do you have animals ? i've 1 dog , 1 cat . cat is bigger than dog ."
short_other,0.583,no retired veteran and you
longer_ambiguous,0.5759,that is okay keep working at it
short_question,0.6507,hey how are you ?
longer_ambiguous,0.7287,you sure can ! i met him in a cave during halloween last year
longer_ambiguous,0.8988,i was a head high school coach until a freak carrot accident . . .
longer_ambiguous,0.7091,lol yes but its worth saying twice . do you like piggies ?
longer_ambiguous,0.6321,it starts with self acceptance and confidence and being proud of who you are .
longer_ambiguous,0.8741,are you a boy or a girl
longer_ambiguous,0.8461,i always wear black . except the spikes on my collar are stainless .
longer_ambiguous,0.7261,yes ! i rode my bike to the last one that was in town .
longer_ambiguous,0.5657,do you enjoy the internet ? i sure od
longer_ambiguous,0.5207,great . do you want to be my friend ? ?
short_question,0.8114,what did one hillbilly say to another ?
longer_ambiguous,0.7961,like how ? how could a pet help a strong man like me ?
short_other,0.9223,i've wanted an iphone .
longer_ambiguous,0.7349,are there nice gentlemen there that like women with 4 breasts ?
short_question,0.8024,do you like to play video games ?
longer_ambiguous,0.5784,well it is a crime . just saying .
longer_ambiguous,0.7427,have you even been to canada for snowboarding ?
short_question,0.8019,sure . you like going to concerts ?
short_question,0.8679,why does not she get it ?
longer_ambiguous,0.7585,"watching a movie tonight , titanic"
longer_ambiguous,0.7347,so you have two cats ? what are their names ?
short_question,0.7883,do you have any pets ?
longer_ambiguous,0.6063,have you tried playing games with them ? role playing can be fun !
short_question,0.8503,whats free diving ? never heard of it
short_question,0.7158,hello . how are you ?
longer_ambiguous,0.6986,never give up something you love !
longer_ambiguous,0.8148,"you can eat meat with me , red as my hair"
longer_ambiguous,0.7846,no i don't . have you ever went skydiving ?
short_question,0.5769,hey there how are you tonight ?
longer_ambiguous,0.7608,anything to fix my ugly elf
longer_ambiguous,0.6322,yes ! taking care of children plus two pets too
longer_ambiguous,0.8689,"really . but , i can sing pitch perfect ."
short_question,0.8123,what is your favorite band ?
longer_ambiguous,0.8146,"i didn't finish school , i enlisted in the army instead ."
longer_ambiguous,0.7521,why is he judgemental ? do you have a job ?
longer_ambiguous,0.8495,it is ! what state do you live in ?
short_question,0.8457,shibamotos art is amazing is not it ?
longer_ambiguous,0.8308,nice . stay in school and work hard .
longer_ambiguous,0.6571,"pretty good , drinking a nice cold pepsi , they are awesome . why so tired ?"
longer_ambiguous,0.8574,yes but i only really watch hockey
longer_ambiguous,0.6061,put the lime in the coconut as well . . .
short_question,0.8285,do you have lots of friends ?
longer_ambiguous,0.6845,work is tiring . i would love to travel the world instead .
longer_ambiguous,0.8668,that's not good . what is your favorite food ?
short_question,0.5855,hi how are you this evening ?
short_question,0.7183,do you live by yourself ?
longer_ambiguous,0.8175,"as long as youre having fun , it does not matter"
longer_ambiguous,0.6764,sounds comfortable at least to drive in
short_question,0.6147,did you see the football games today ?
longer_ambiguous,0.8815,"max , rodney , and finn . do you have a hobby ?"
longer_ambiguous,0.78,fun . have you decided on your major for school ?
longer_ambiguous,0.7071,i will have to do that thanks
short_question,0.7411,hello there how are you ?
longer_ambiguous,0.6626,"oh wow , i major geology at alabama u . suffer from social anxiety"
longer_ambiguous,0.5741,if you were rich you wouldn't be saying this .
longer_ambiguous,0.7734,"read , read and then read . bookworm you could say ."
longer_ambiguous,0.5163,"yes but whenever i play , someone always screws up ."
longer_ambiguous,0.7394,so are you happy with your life ? violins and indian food ?
longer_ambiguous,0.7678,no but my sons are watching a game right now
longer_ambiguous,0.606,hello what are your plans today
short_question,0.5326,"hello , how are you tonight ?"
longer_ambiguous,0.7642,yeah . so do you have any hobbies
longer_ambiguous,0.5063,hey whats going on ? how are you ?
longer_ambiguous,0.893,do you know what comic books are ? organic food only here !
longer_ambiguous,0.8636,a pilot is a pretty cool job to have . i met a vampire before
longer_ambiguous,0.6209,i see . maybe do both at one time . jeremy wade does .
longer_ambiguous,0.7254,i wish i was . what do you do for a living ?
longer_ambiguous,0.8892,what are you going to school for
longer_ambiguous,0.7843,"ca not do much from the bed , but computer games are great way to pass the time"
short_other,0.8111,great i adore video games
longer_ambiguous,0.6375,i'll enjoy my favorite indian dish and look for dogs to adopt while you do .
longer_ambiguous,0.7819,oh cool . do you work ? any hobbies ?
longer_ambiguous,0.6852,we sound like we would get along
longer_ambiguous,0.7015,i wish i could be a dog ! i do not like life as a human .
longer_ambiguous,0.7378,my dad is a preacher an is crazy we live in the old country
longer_ambiguous,0.6341,i've and some how they run my battery dry within 3 hours .
longer_ambiguous,0.5442,"great , do you have a part time job"
longer_ambiguous,0.7482,my girlfriend of 7 years is in another state
longer_ambiguous,0.8066,yea i did . i caught it after my tennis match today
longer_ambiguous,0.7885,not so much . mostly just drive my kids around in my black suburban .
longer_ambiguous,0.5288,it pays nicely but for now a large part goes towards my student loans .
longer_ambiguous,0.9271,they are where steak comes from
longer_ambiguous,0.8194,ink you should talk to her about it
longer_ambiguous,0.899,oh wonderful . i eat veggie meals when not painting fences .
longer_ambiguous,0.7256,"no its a museum in orlando , fl its new . there's a grand opening soon ."
short_question,0.6273,hi how are you today ?
longer_ambiguous,0.8451,the closest thing is arm wrestling lol
longer_ambiguous,0.7506,that is sad . my best friend is calden .
longer_ambiguous,0.9376,wow how do you get them
longer_ambiguous,0.7623,yes indeed my dog keep eating my shoes
longer_ambiguous,0.6547,that sounds good . what do you do for fun
longer_ambiguous,0.6393,"great ! went for pizza , my fav , on friday . whats your favorite food ?"
longer_ambiguous,0.5954,"cool , how long have you worked there ?"
longer_ambiguous,0.5949,i lift . i lift heavy weights . violinist is for wussy ?
longer_ambiguous,0.8293,when i was single i dreamed of becoming a clothing designer in paris .
longer_ambiguous,0.8661,then you would love the cruise !
short_question,0.8772,is he your best friend ?
longer_ambiguous,0.766,cool ! what is it that made ya quit ?
longer_ambiguous,0.8078,"nah , plain cuba libre , that's what we drank yesterday at the theater ."
short_question,0.854,what do you do with office supplies ?
longer_ambiguous,0.8269,stealing is just not good to do . i might go for a hike today
longer_ambiguous,0.8761,"sometimes the lake , sometimes the mountains"
short_question,0.6199,do you have a day job ?
longer_ambiguous,0.7549,"sometimes i do , but they have their own lives ."
longer_ambiguous,0.8052,how old are you ? just turned 30 this year
short_question,0.5611,hi there how are you doing today ?
short_question,0.7863,i agree . have you seen goodfellas ?
longer_ambiguous,0.5198,"hey there , hows your weekend so far"
longer_ambiguous,0.7515,so is my grandmother she lives in my guesthouse
short_question,0.7536,very nice . where do you work ?
longer_ambiguous,0.5264,great ! just got back from some dbt therapy . it really helps me
longer_ambiguous,0.8069,i make things steampunk . it is more art than work .
longer_ambiguous,0.8512,man my boxer just peed on the carpet !
longer_ambiguous,0.6731,i just want to be happy with my appearance one day
short_other,0.579,they're and very loyal .
longer_ambiguous,0.8735,oh wow do you play music
longer_ambiguous,0.8263,"i wish i can have a million dollars too , that would be awesome ."
short_other,0.8148,lets climb togther one day
longer_ambiguous,0.6782,how fun . what city ? i was there once in military
longer_ambiguous,0.6715,my contacts can see through what you are trying to sell me .
longer_ambiguous,0.6471,"believe me , they like it ."
short_question,0.8641,are you in a video game ?
short_question,0.8357,what books has he written ?
longer_ambiguous,0.6717,"wow , does he live there or work ?"
longer_ambiguous,0.855,hi there . just got home from school . i ride my skateboard . how are you ?
longer_ambiguous,0.9183,pre med . i'd love to be a doctor
longer_ambiguous,0.7808,children equals no free time . how about yourself ?
longer_ambiguous,0.7637,hi ! have you ever wondered what it would be like to live in space ?
longer_ambiguous,0.5114,i've wonderful memories of my mother playing and singing to me .
short_question,0.823,can you sing ? you can join me
longer_ambiguous,0.5133,"don't follow music much , but hope things are getting better for her"
longer_ambiguous,0.8155,i was thinking of the state of misery . . . i mean missouri .
short_question,0.8896,what do you weld ? houses ?
longer_ambiguous,0.6281,she still braids my hair and we chit chat because she's literally my best friend
longer_ambiguous,0.7796,did your family teach you to play the violin ?
longer_ambiguous,0.7452,makes me secure with my manly hobby skills .
longer_ambiguous,0.5694,it was nice talking to you as well
longer_ambiguous,0.8045,i would rather be a bird .
longer_ambiguous,0.6972,i was sent to an adoption agency as a infant .
longer_ambiguous,0.9305,oh cool do u go to comic cons
longer_ambiguous,0.5139,not yet . married and hoping to start soon
longer_ambiguous,0.8015,when i was growing up my family moved 40 times .
longer_ambiguous,0.6136,"me too , maybe you should come !"
longer_ambiguous,0.687,that's amazing where do i sign up
short_other,0.7527,do you have any kids
longer_ambiguous,0.688,you should go some time .
longer_ambiguous,0.6798,that is cool . do you like to read or listen to music
short_question,0.8917,do you have a favorite comic ?
longer_ambiguous,0.8914,u should open your eyes so you can see better
longer_ambiguous,0.5972,nope just being an amazing cook
longer_ambiguous,0.6163,not really just watching my daughter slowly pull things in her crib haha
longer_ambiguous,0.8477,"ireland is very nice , japan is my next stop ."
longer_ambiguous,0.8982,no pets . do you guys have many parks in texas ?
short_question,0.9377,i understand . what games pay ?
longer_ambiguous,0.942,my mom is mad at me . i got rejected from the gifted class at school
longer_ambiguous,0.5522,oh man we would make excellent friends .
longer_ambiguous,0.6136,"hi , i just got back from a country music concert ."
longer_ambiguous,0.5794,are you going to college ? i go to a local one .
longer_ambiguous,0.7475,you only live once . marry next time
longer_ambiguous,0.7659,"i actually play guitar and do a lot of manly things , like welding ."
longer_ambiguous,0.8924,not particularly . they are old and mean .
longer_ambiguous,0.5931,what are your videos about ? ever make a spooky halloween video ?
short_question,0.7548,anyway . what do you do ?
short_other,0.6051,hey hows it going
longer_ambiguous,0.7204,omg authentic mexican is the best !
longer_ambiguous,0.8507,i've never play that one .
longer_ambiguous,0.7633,oh nice ! my mom went to beauty school too
longer_ambiguous,0.6091,"i too am a vegan , how long for you ?"
longer_ambiguous,0.8374,they will have food at that !
short_question,0.9057,what is your favorite meat to eat ?
short_question,0.8423,hi anybody there ? ding dong !
longer_ambiguous,0.9169,anything look for it in the listing
longer_ambiguous,0.7947,well if you need a cook i gotch
longer_ambiguous,0.7441,"no , i just have have a hard time behind the wheel . do you like tv ?"
longer_ambiguous,0.5952,"spiderman , because i've 2 snakes and venom is kinda snake like"
short_question,0.82,do not like reading ?
longer_ambiguous,0.5574,that would be great i enjoy cooking
longer_ambiguous,0.9335,"i've a black car , purse , wear all black ."
longer_ambiguous,0.8388,"not yet , i don't think a plane could lift me ."
longer_ambiguous,0.7317,oh yes and a good veggie burger is wonderful .
longer_ambiguous,0.5791,"my parents were both teachers , so i thought i might , but no"
longer_ambiguous,0.6961,we call him spot ! do you have any nieces or nephews ?
short_other,0.5897,hey how are you tonight
longer_ambiguous,0.699,"fame and computer engineering , were you on the cover of wired ?"
longer_ambiguous,0.8184,"yes it is nice , halloween is my fav ."
longer_ambiguous,0.81,the water is an evil mistress
longer_ambiguous,0.798,what do you like to cook
longer_ambiguous,0.7566,maybe you will have to record your playing and dance to it .
short_question,0.6327,hi ! how are you ?
longer_ambiguous,0.6841,my favorite food is chicken ! its actually my dogs favorite food too ! his name is bob
longer_ambiguous,0.8825,is it because the extra toe doesn't fit inside your shoes ?
short_other,0.8367,do you really feel bad
longer_ambiguous,0.6921,"life , but now i look forward to the joys retiring"
short_question,0.837,do you go to the lake ?
longer_ambiguous,0.8563,i reside in new york . i never want to go anywhere else .
longer_ambiguous,0.804,that is a good show i watch that while drinking iced tea
longer_ambiguous,0.7064,i would shop all day ! what do you like to do in your spare time ?
longer_ambiguous,0.8172,"wow , can you play a musical instrument ?"
longer_ambiguous,0.7827,i've such a thick accent that i find certain words hard to pronounce like hippopotamus
longer_ambiguous,0.8636,being a lumberjack will make you strong and attractive for the opposite sex .
longer_ambiguous,0.7699,"no , but my dog george is basically my kid . haha ."
longer_ambiguous,0.5933,live action role playing it awesome
longer_ambiguous,0.5876,i try to work out everyday . do you have a lot of friends on base ?
longer_ambiguous,0.6692,ok . my 23 cats are having a good day .
longer_ambiguous,0.8963,"sounds a bit crazy , and hard on a child"
longer_ambiguous,0.8357,pretty ! mine is streaked purple and blue . my kids are horrified .
short_question,0.892,that's cute ! how old are they ?
longer_ambiguous,0.8477,i didn't get to finish college .
longer_ambiguous,0.7874,that is my favorite color . have you seen the new iphone
longer_ambiguous,0.8933,my gf just does not get it
longer_ambiguous,0.7248,well true . but being athletic and a runner . sports is a good thing .
longer_ambiguous,0.5645,"no , my hobby is collecting autographs i've over 2000 !"
longer_ambiguous,0.9397,maybe ? a black iphone would match my black purse though
longer_ambiguous,0.8776,"oh , i enjoy flying airplanes ."
longer_ambiguous,0.6486,we have a kenyan sand boa . its really cute . that's too cool !
longer_ambiguous,0.7542,"usually i do , once i went to texas with a friend . how about you ?"
longer_ambiguous,0.7314,what do you do for a living ? i proofread for hallmark .
longer_ambiguous,0.7988,"really , i also like listening to music especially country"
longer_ambiguous,0.7885,you can milk anything with nipples
longer_ambiguous,0.5339,"hello friend , how is it going"
short_question,0.8001,i read all the time . bu ?
longer_ambiguous,0.6879,dive off cliffs into the ocean . what do you like to do ?
longer_ambiguous,0.8522,1 of each ! what part of texas do you live in ?
longer_ambiguous,0.8294,i teach japanese to children and just got done
longer_ambiguous,0.7876,when my cats don't hog it all . day
longer_ambiguous,0.8048,i just got back from the london college of fashion in the uk .
longer_ambiguous,0.6271,thriller was a great album . it always has me dancing in my boots .
longer_ambiguous,0.6037,"wow , four sisters . just watching game of thrones ."
short_question,0.8009,what do you do for work ?
longer_ambiguous,0.5159,it is so cool i've some courses college courses that i m thinking
longer_ambiguous,0.5838,well this will be exciting . do not forget your passport .
short_question,0.7616,like playing the witch part ? lol
longer_ambiguous,0.5559,oh no i hope she finds relief soon .
longer_ambiguous,0.7625,he ate all his food and now will not stop barking
longer_ambiguous,0.8302,"yes , coach cheerleading . i used to be one in high school"
short_question,0.7834,did you put any cheese on it ?
longer_ambiguous,0.7607,you better not make any spelling mistakes .
longer_ambiguous,0.864,i would have to say bagels
short_question,0.8369,have you seen any great movies lately ?
longer_ambiguous,0.5737,lol your spelling error made me giggle . i just love boating so florida is great
longer_ambiguous,0.5841,"hey , there . how are you today ?"
short_question,0.6829,nice ! do you have any children ?
longer_ambiguous,0.7069,i really love the beach and cooking italian food !
longer_ambiguous,0.739,i wish i could get rid of my social anxiety . . .
short_question,0.8239,nice ! do you love books ?
longer_ambiguous,0.8378,no still in school work at pizza hut part time
longer_ambiguous,0.7558,only two months ! i actually have to take them for a walk right now
short_other,0.6453,tell me more about yourself
short_question,0.6666,what did they do that disappointed you ?
longer_ambiguous,0.6248,"a different kind of designer then , fun . i enjoy working out , do you ?"
longer_ambiguous,0.7054,"oh no , my parents would kill me haha"
longer_ambiguous,0.7263,did you catch him ? will you let him out ?
longer_ambiguous,0.7357,iphone for me . have you heard all the bad news about samsung this year ?
longer_ambiguous,0.6415,"you should at least try to go up in a plane , it is a blast ."
short_other,0.5939,hi how are you tonight
longer_ambiguous,0.6574,my day is not going too great .
longer_ambiguous,0.6933,yes i did . one of my mothers taught me how ! she's a great cook
longer_ambiguous,0.9302,"no , i wear low cut socks ."
short_other,0.734,sure if they requested them
longer_ambiguous,0.6368,i hope to eventually . what do you like to do for fun ?
short_question,0.812,have you ever traveled before ?
longer_ambiguous,0.8991,although i do not like to work super long hours
longer_ambiguous,0.6088,about to smash some pretzels . can't get enough of them .
longer_ambiguous,0.5225,great idea ! love staying up late so i could do that even tonight
short_question,0.6794,hello how is life treating you today ?
longer_ambiguous,0.5435,"yes they are , oh wow your first ? boy or girl ?"
longer_ambiguous,0.8116,"we all live in a yellow submarine , a yellow submarine . morning !"
longer_ambiguous,0.5417,"that is funny , cool , what your fav food"
longer_ambiguous,0.7551,no . kiddos are into sports . soccer mom here . how about you ?
longer_ambiguous,0.7644,"that's cute , i fish a lot ."
longer_ambiguous,0.7233,"my mother is an attorney , she used to be the da"
short_other,0.6252,hello how are u tonight
short_question,0.842,how many dogs do you have ?
longer_ambiguous,0.6188,that is good . do you volunteer there ?
longer_ambiguous,0.526,do you have a family ? never got to know mine
longer_ambiguous,0.8585,"a bomber , it is awesome . do you want to take lessons"
longer_ambiguous,0.5706,nice ! wish i could go anywhere ! i've been confined to a bed
longer_ambiguous,0.7468,"oh neat , i went there once pre katrina . beautiful city"
longer_ambiguous,0.8158,skiing in the winter is one of mine
short_question,0.6477,hi good and you ?
longer_ambiguous,0.5358,oh ok . i hope to be teach 2nd grade soon
longer_ambiguous,0.6866,nice . maybe a future hockey player to . i use to play .
longer_ambiguous,0.7544,would you like to move to san francisco ?
short_other,0.9279,yeah do you eat meat
short_question,0.5907,hey how are you today ?
longer_ambiguous,0.7661,cool . chocolate is his favorite .
longer_ambiguous,0.6268,from your mouth to gods ear . that trophy needs to come home .
longer_ambiguous,0.7529,"i've never driven , so no drive thus , my dog died recently"
longer_ambiguous,0.6974,just 2 years . my boss at my bookkeeping job got me started
longer_ambiguous,0.5329,"its okay . pays the bills . tried to get to the nfl , but it did not happen ."
longer_ambiguous,0.5015,me either . we could go together !
longer_ambiguous,0.8404,hello ! what is your favorite thing to eat ?
longer_ambiguous,0.6678,while singing in the shower i took my findings to the lab
longer_ambiguous,0.6051,"thanks , eating ice cream always make me feel better ."
longer_ambiguous,0.9054,"oh , that's weird . how do you hunt ?"
longer_ambiguous,0.7118,probably dragons . com it was such a long time ago .
longer_ambiguous,0.5595,great ! i had won an award for spelling bee .
longer_ambiguous,0.6746,you should . so what do you look like ?
longer_ambiguous,0.62,i route for the greenway packers because my favorite color is green
longer_ambiguous,0.8399,good riddance . any sports ? i've done karate for years
longer_ambiguous,0.7389,once i lived where i should have died
longer_ambiguous,0.5262,that is also really cool . i was interested in that during college
longer_ambiguous,0.9226,"my folks don't like it . i dislike my parents , but adore my job ."
longer_ambiguous,0.6558,that's great . i fish in my free time and enjoy a good burger
longer_ambiguous,0.7868,madonna is my first favorite . do you go to a lot of concerts ?
longer_ambiguous,0.6726,what else would you try to do
longer_ambiguous,0.6466,hi how are you doing let us get friendly .
longer_ambiguous,0.8747,japanese is a hard language to learn . do you like sports
longer_ambiguous,0.7485,i got to go work at the movie theater today .
longer_ambiguous,0.6107,that's cool my mom does the same thing
longer_ambiguous,0.7224,make sure you keep your roots covered ! the beach is so pretty .
short_other,0.6803,that's old school
longer_ambiguous,0.7926,my friend james rules the world in secret and feeds me pudding .
longer_ambiguous,0.6654,i don't have fish around here .
longer_ambiguous,0.5259,that's neat . when i was in high school i placed 6th in 100m dash !
short_question,0.7639,what else do you enjoy ?
longer_ambiguous,0.6654,yea we don't live in a very good neighborhood
longer_ambiguous,0.7587,what is your secret that you have
longer_ambiguous,0.8367,but i can cook really good i enjoy it .
longer_ambiguous,0.8003,"my 2 children love that show , but i would rather be out hunting"
short_question,0.7742,is it far far away ?
longer_ambiguous,0.5673,i dress steampunk . my girl and my older brother run around the city like that .
longer_ambiguous,0.8762,"tokyo , my best friend lives there"
longer_ambiguous,0.8722,i hear you . maybe if we play the stock market well .
short_question,0.8577,that's really sweet how old is he ?
longer_ambiguous,0.7751,i m good i m going to going to my private school high school later
longer_ambiguous,0.5553,do you have any dreams ? i hope to compete professionally or qualify for an event one day
longer_ambiguous,0.8758,oh just let them drive . they love my rock stations .
longer_ambiguous,0.6626,"if i had him , i'd play soccer with him ."
short_question,0.5385,"hey , what are you up to ?"
longer_ambiguous,0.8877,i was writing to my grandchildren
longer_ambiguous,0.6705,lol definitely ! i just dyed my hair mermaid purple from free samples at my salon
longer_ambiguous,0.6304,yeah i will during the holidays
longer_ambiguous,0.6238,"my wife showed me that , she makes me smile ."
longer_ambiguous,0.8949,i've a black iphone . apple makes such fantastic products .
short_question,0.5702,good afternoon . how are you today ?
longer_ambiguous,0.9117,but sometimes i fly to them since my father is a pilot for a major airline
short_question,0.8246,what do you do ?
longer_ambiguous,0.6469,sounds like a lot of work ! do they have any pets ?
short_question,0.8204,hi there ! do you watch got ?
short_question,0.7309,what job do you have ?
longer_ambiguous,0.7183,it was . it was so warm though that it melted my cheese i was eating
short_other,0.5959,hey how are you doing
longer_ambiguous,0.8567,on a teacher salary and cop salary international travel can be out of the budget
longer_ambiguous,0.5251,maybe we can going fishing and i can cook for you .
longer_ambiguous,0.8647,parents can be a bummer . you live with them ?
longer_ambiguous,0.5428,hey there bro . how is it going ?
longer_ambiguous,0.8377,"cool , i do not think my middle school had cheerleaders ."
longer_ambiguous,0.8308,ireland and australia are my go to places
short_question,0.574,lol really ? what was the joke ?
longer_ambiguous,0.5652,"not much , just seen both my children off to school , you ?"
longer_ambiguous,0.7246,"lol , oh i see , taught you own it"
longer_ambiguous,0.772,were u the coach or more of an assistant
longer_ambiguous,0.7264,but all i wanted to be really is have my own band
longer_ambiguous,0.6881,live . moved there about ten years ago for a computer tech job .
longer_ambiguous,0.6785,well if the pudding tastes good and james can handle you . . . .
longer_ambiguous,0.6189,pretty good just got off work
longer_ambiguous,0.8841,"very nice , any sports that you play ?"
longer_ambiguous,0.8044,"san francisco , lots of nice hills to go running on"
longer_ambiguous,0.7982,"i personally like any eat or pasta , keep me away from veggies though"
short_question,0.7381,oh no why is that ?
longer_ambiguous,0.7207,exercise is great . i get my exercise by partying
short_question,0.8741,are you from japan ?
longer_ambiguous,0.725,that is amazing what kind of snakes are they ? we have one in our class
longer_ambiguous,0.884,i was refering to bears and i drive to go get sunfish
longer_ambiguous,0.5726,i did too . i do not get along with mine . they have no class .
longer_ambiguous,0.8653,"i wanna go to the city one day , never been"
longer_ambiguous,0.7445,the only thing i've is my dog his name is won won lol
longer_ambiguous,0.7634,i understand that . my church has a pantry .
longer_ambiguous,0.5189,that is nice my boss at the grocery store is nice too
short_question,0.7706,what are you studying there ?
short_question,0.8833,what city are you from ?
longer_ambiguous,0.7547,"labor work , very energy demanding"
longer_ambiguous,0.8591,once . you cannot even throw a gum wrapper or you can get arrested .
short_question,0.7226,are you male or female ?
longer_ambiguous,0.5282,looking online for some new shoes . are you up to anything ?
longer_ambiguous,0.8335,"wow , maybe you can get them interested in some other hobbies . do they like cars ?"
longer_ambiguous,0.9315,i don't but my dad is a cop
longer_ambiguous,0.5149,i'll let you borrow my black car to get there !
longer_ambiguous,0.7248,i really really like love living in texas . tell me about yourself .
longer_ambiguous,0.8453,"starbucks , tim hortons , or dunkin . perhaps a place i do not know ."
longer_ambiguous,0.7068,hi there ! tell me about yourself
short_question,0.6399,"hi , how are you today ?"
longer_ambiguous,0.6729,no all my videos are of how to apply makeup
short_other,0.925,well maybe they like it
longer_ambiguous,0.7107,"every place has fish , you just have to find the ponds"
longer_ambiguous,0.7667,okay but i was published in new yorker once
longer_ambiguous,0.523,"yeah , its been tough and feeling quite paranoid"
longer_ambiguous,0.5949,"coolio . i play this video game character online , pretty famous for it now ."
longer_ambiguous,0.6485,all i can think about is moving away
longer_ambiguous,0.623,"no , just them . it was lonely growing up . do you have siblings ?"
longer_ambiguous,0.8378,"no i had to learn in school , my mother would drop me off before nursing"
longer_ambiguous,0.6882,"the shadowy horses , horror novels are my favorite"
longer_ambiguous,0.7518,"28 , and it is a learned lesson as a mother ."
longer_ambiguous,0.5476,peace and luck be with you .
longer_ambiguous,0.8397,it is he loves it i also read shark books to him .
short_question,0.6271,"hello , how are you today ?"
longer_ambiguous,0.6933,wow got some height on you . do you work
longer_ambiguous,0.8096,christmas is great . do you spend it at home with your parents ?
short_question,0.8316,hi . where are you from ?
longer_ambiguous,0.8103,i force it to watch game of thrones with me
longer_ambiguous,0.8433,it is . my mom reads palms at a fortune telling place .
longer_ambiguous,0.6242,thank god the witch is dead . but the cat is not obviously .
longer_ambiguous,0.5834,"how cool is that , all i wanted to be was a yoga instructor ."
longer_ambiguous,0.895,"i've to admit , i always opted for hte movie versions of books ."
longer_ambiguous,0.8105,that is a cute name what kind of dog is her
longer_ambiguous,0.5456,thanks for not reacting negatively about me having 2 moms
longer_ambiguous,0.5015,just taking care of my mother . she's very sick .
longer_ambiguous,0.7685,"yes lots of children , my wife cares for them at home ."
longer_ambiguous,0.6993,the bass player . he's the one who introduced me to anime .
longer_ambiguous,0.8363,what do you do for fun
longer_ambiguous,0.6663,she's a golden retriever very nice dogs
longer_ambiguous,0.7199,just drink some cola with rum and you'll forget about them !
longer_ambiguous,0.8743,"hockey is cool , my dad likes hockey ."
longer_ambiguous,0.7208,please do not trust anyone .
short_question,0.6914,do you have any humans around you ?
longer_ambiguous,0.8337,how to milk a cow it what i don't know
longer_ambiguous,0.7257,"i wish i can sing , when i sing my four dogs howl ."
short_question,0.8655,where do you live at ?
longer_ambiguous,0.715,"haha , that is helps with the fast food , do you have animals ?"
longer_ambiguous,0.8974,i watch kids for a living
longer_ambiguous,0.7793,i got a new fly rod and reel for my wife . . . best trade i ever made .
longer_ambiguous,0.9118,no i do not follow baseball
short_question,0.518,hi . how are you doing today ?
longer_ambiguous,0.7047,he definitely does ! do you have any hobbies ?
longer_ambiguous,0.9141,a noble pursuit . what kind of bait do you use ?
short_other,0.8127,good i despise cheese greatly
short_other,0.7672,what artist of the usual
longer_ambiguous,0.8128,good because i eat steak often . are you in a band ?
longer_ambiguous,0.8819,they're both greyhounds . their names are tom and jerry .
short_question,0.8325,what is your favorite food ?
longer_ambiguous,0.803,"studying in college for phys ed , what do you do ?"
longer_ambiguous,0.7058,that sounds cute ! so what else do you do for fun ?
longer_ambiguous,0.7439,nothing really . i just like having nice new office supplies around . and books .
longer_ambiguous,0.5302,"cool , i play the drums every now and again"
longer_ambiguous,0.5823,"yes , cooking for family get togethers is one of my favorites"
longer_ambiguous,0.7415,"well i despise tofu and have never found any friends in it try tofu , for security ."
short_question,0.6284,what changed your mind about doing it ?
longer_ambiguous,0.5896,"not much . just work , hang out with my boyfriend , singing lessons . . ."
longer_ambiguous,0.6108,you took your findings to the lab while you were in the shower ?
short_question,0.5753,hello ! how are you doing today ?
longer_ambiguous,0.591,giant changes won't work without a strong foundation and evidence for initial success
longer_ambiguous,0.8062,being an author must be really neat . what type of books do you write ?
short_other,0.9102,i bet that it does
short_question,0.7033,"good , how are you ?"
longer_ambiguous,0.6679,lol ! are there any places you guys like to go to as a family ?
longer_ambiguous,0.7005,maybe i can get onw as a wedding gift . . being the middle kid sucks . parents neglect ya
longer_ambiguous,0.5477,i would love to have you as my chef during my summer vacation on lake michigan
longer_ambiguous,0.8587,i give my family the top priority in my life
longer_ambiguous,0.8168,a bank teller is a good job .
short_question,0.6635,have you visited him there before ?
longer_ambiguous,0.7237,stealing isn't nice . dust makes my allergies act up too sometimes
short_question,0.6923,do you work ?
longer_ambiguous,0.7569,that sucks you should go see her
longer_ambiguous,0.8385,"okay , its not a super fun gig but pays decent"
short_other,0.619,hey there hows it going
short_question,0.5805,"alaska , you ? are you married ?"
short_question,0.8183,was that in 3rd game ? p
longer_ambiguous,0.798,eating healthy is easy for me cause i do not have a car
longer_ambiguous,0.8007,"yes , pizza is my vice ! sour candy is good , also ."
longer_ambiguous,0.5261,that sounds exciting ! ! do you have any tatoos
longer_ambiguous,0.6327,i'll bake you a cake when you start your band .
short_question,0.7051,me also what is your favorite ?
short_question,0.605,not yet . have you decided ?
longer_ambiguous,0.8187,sweet ! do you feed your snake beer ?
longer_ambiguous,0.8555,i bet he loves it !
longer_ambiguous,0.8474,"not really , in my spare time i write fictional novels"
short_question,0.6217,do you have family in there ?
longer_ambiguous,0.8167,i cannot ride horses . being that high off the ground is terrifying .
longer_ambiguous,0.7923,he will not lay on the porch no other time
longer_ambiguous,0.754,do u believe you can achieve anything because i do
short_question,0.864,do you enjoy eating cakes ?
longer_ambiguous,0.7336,well it takes a bus or a car to get there .
short_question,0.8498,what do you do for a living ?
longer_ambiguous,0.6604,nice . i don't have any pets . do you have any kids ?
longer_ambiguous,0.7882,i give deep sea fishing tours at the beach sometimes
longer_ambiguous,0.6921,teachers are the foundation of our world . that's great .
short_question,0.8169,good where do you work ?
longer_ambiguous,0.7167,"only you , master . only you . the knives are now secured ."
longer_ambiguous,0.8393,yes and ceo in prison for 5 years for bribery . retired here .
longer_ambiguous,0.9078,wow that must be insanely well paying
short_question,0.8373,"hey sean , what are you studying ?"
short_question,0.8876,why how tall are you ?
longer_ambiguous,0.7403,my younger brother is a cod player too . he is pretty good .
longer_ambiguous,0.631,doesn't have to be chocolate . i can bake anything . sure !
longer_ambiguous,0.6073,yummy ! mine is pasta . it is delicious .
short_question,0.7135,"hi , what is your name ?"
short_question,0.6762,"aw , how old is your daughter ?"
short_other,0.6752,hello how are you today
longer_ambiguous,0.5215,i'd rather spend my money on going to concerts where i dance hard !
short_question,0.8447,do you usually make bank waiting tables ?
longer_ambiguous,0.808,"i mostly enjoy painting , but will often listen to music . you ?"
short_question,0.657,hey there how are you ?
longer_ambiguous,0.93,yeah the exploding ones left cool black marks on my wall though
longer_ambiguous,0.7952,dang they do move on to 5 letter words then . rough .
longer_ambiguous,0.6011,oh my i've never had green eggs . what is your name ?
longer_ambiguous,0.7717,"up north normally . dragons are cold blooded , even though they breathe fire ."
short_question,0.5772,hi how are you doing ?
longer_ambiguous,0.6236,oh great ! we can garden too .
short_question,0.5403,"how fun , are you single ?"
longer_ambiguous,0.7647,"nah . but i do not drink it , i stick to almond milk ."
short_question,0.9044,do you like computers ?
longer_ambiguous,0.7262,its was very warm outside today
longer_ambiguous,0.7041,"i volunteer at a farm , do you like animals ?"
longer_ambiguous,0.835,canada is great for winter sports too .
longer_ambiguous,0.5043,he's so weird i tell you
short_question,0.922,how old are you now ?
longer_ambiguous,0.6093,witty is good that means you have a sense of humor
short_question,0.6281,hello how are you today ?
longer_ambiguous,0.9439,do you follow baseball at a ; ; ?
longer_ambiguous,0.9298,"girl power ! that is so cool , do you wear zebras socks ?"
short_question,0.6082,hello how are you this evening ?
longer_ambiguous,0.7007,you said that before . haha . where are you from ?
longer_ambiguous,0.9084,i don't like carrots . i throw them away .
longer_ambiguous,0.8916,is your hair color blonde ? tv loves blondes .
longer_ambiguous,0.7641,sounds painful how big was the carrot
longer_ambiguous,0.5102,"ok i see , that's your halloween costume"
longer_ambiguous,0.6772,pig would be fun . i wonder if one would free dive with me ?
longer_ambiguous,0.8806,"i see , i play guitar"
short_question,0.5952,you work for a funeral home ?
longer_ambiguous,0.8758,i've never tried to garden but my mom loves it .
longer_ambiguous,0.8988,"ll i've 3 , my parents do not know"
longer_ambiguous,0.558,is it all organic ? i found that sometimes chemicals are necessary .
longer_ambiguous,0.8916,i would have to say its prime rib . do you have any favorite foods ?
longer_ambiguous,0.5324,200 of what i don't get it
longer_ambiguous,0.6157,it is fun i can't get enough
