pc1,pc2,label
0.0174,-0.2897,STORE
0.229,0.2676,STORE
0.0569,0.2468,STORE
-0.0555,0.1189,STORE
0.2093,-0.3149,STORE
-0.1411,-0.2645,STORE
0.0989,-0.0392,STORE
0.0017,0.3197,STORE
0.0274,-0.201,STORE
-0.1868,0.1304,STORE
-0.0989,-0.2084,STORE
0.056,0.032,STORE
-0.1082,0.1076,STORE
-0.1706,0.2391,STORE
-0.1691,-0.0006,STORE
0.1582,0.1019,STORE
-0.3509,-0.0127,STORE
0.0836,0.0059,STORE
-0.2418,-0.0413,STORE
-0.0384,-0.2141,STORE
0.262,0.2228,STORE
-0.0238,0.1611,STORE
-0.2382,0.0759,STORE
-0.2884,-0.097,STORE
0.0622,0.2039,STORE
0.1421,-0.1579,STORE
0.2626,0.2095,STORE
0.1101,0.0941,STORE
-0.0312,-0.247,STORE
-0.0858,0.0257,STORE
0.2189,0.2388,STORE
-0.2485,-0.23,STORE
0.0315,0.102,STORE
-0.1037,0.0028,STORE
0.0501,-0.0934,STORE
0.0044,-0.1571,STORE
-0.2912,-0.2093,STORE
0.0491,0.0459,STORE
0.1042,0.1634,STORE
0.0691,-0.0576,STORE
0.1567,0.1817,STORE
0.2474,0.2942,STORE
0.0965,0.0663,STORE
0.1185,-0.1702,STORE
-0.0504,0.1791,STORE
0.1562,-0.2116,STORE
-0.2065,-0.1984,STORE
-0.3107,-0.0173,STORE
-0.1232,0.2267,STORE
0.4051,-0.1724,STORE
0.3096,0.1908,STORE
0.2392,-0.1254,STORE
-0.1716,0.0908,STORE
0.0393,-0.2253,STORE
-0.0111,-0.0561,STORE
0.0228,-0.1265,STORE
-0.3078,-0.0683,STORE
-0.073,-0.1469,STORE
-0.1673,-0.2386,STORE
-0.2345,0.0406,STORE
0.1109,0.1457,STORE
-0.2915,-0.1791,STORE
0.4006,0.1492,STORE
0.2861,-0.2818,STORE
-0.3156,0.081,STORE
0.1157,-0.2804,STORE
0.1794,0.3834,STORE
0.208,-0.0039,STORE
0.0318,-0.0618,STORE
0.0889,-0.103,STORE
-0.1885,-0.1185,STORE
-0.1398,0.1632,STORE
0.0844,-0.2704,STORE
-0.2428,-0.0396,STORE
0.1974,0.1243,STORE
-0.0134,-0.1463,STORE
-0.0578,0.1991,STORE
0.0266,0.0248,STORE
0.1721,0.2507,STORE
-0.1896,0.0621,STORE
-0.0528,0.1467,STORE
0.0775,0.2748,STORE
-0.2364,0.2131,STORE
-0.2594,0.0724,STORE
0.1567,-0.0066,STORE
0.0324,0.0256,STORE
-0.0488,-0.1448,STORE
0.0345,-0.2438,STORE
0.2786,0.1784,STORE
-0.192,0.1576,STORE
-0.0869,-0.1693,STORE
0.1018,-0.1218,STORE
0.2997,0.2314,STORE
0.0771,0.0187,STORE
-0.0859,-0.1238,STORE
-0.0455,-0.106,STORE
-0.1275,0.0342,STORE
0.0256,-0.086,STORE
-0.0244,-0.1146,STORE
0.0814,0.3267,STORE
0.0141,0.2846,STORE
-0.2062,0.1508,STORE
0.0536,-0.1078,STORE
-0.0494,0.1057,STORE
0.0094,0.2803,STORE
0.0857,0.2189,STORE
-0.0901,0.0905,STORE
-0.1751,0.0876,STORE
0.1957,-0.0409,STORE
0.1901,-0.1262,STORE
-0.1635,-0.1803,STORE
0.3481,0.1739,STORE
-0.051,-0.2285,STORE
-0.2117,-0.0304,STORE
-0.0851,0.1761,STORE
-0.1041,-0.0854,STORE
0.3378,0.1969,STORE
-0.2294,0.134,STORE
0.2761,-0.3427,STORE
0.3883,0.2778,STORE
0.1228,0.0852,STORE
-0.2707,0.0845,STORE
0.0269,0.1046,STORE
-0.0324,0.1008,STORE
-0.1287,0.1921,STORE
-0.0652,0.2308,STORE
-0.1295,-0.1045,STORE
-0.066,0.1914,STORE
-0.0227,-0.1052,STORE
-0.1047,0.2168,STORE
-0.2276,0.0996,STORE
0.2995,0.0806,STORE
-0.1249,-0.0726,STORE
-0.3608,-0.1041,STORE
-0.0131,-0.3164,STORE
0.1673,0.1382,STORE
0.1267,0.1422,STORE
-0.0916,0.0861,STORE
-0.0233,-0.0018,STORE
0.0709,0.0005,STORE
0.0055,0.2143,STORE
0.0364,-0.019,STORE
-0.0792,-0.0366,STORE
-0.2802,-0.085,STORE
-0.1621,-0.0408,STORE
-0.1878,-0.1246,STORE
-0.1062,0.1724,STORE
-0.1512,0.0271,STORE
-0.164,-0.0121,STORE
-0.2241,0.1273,STORE
-0.3017,-0.2166,STORE
-0.0023,-0.1042,STORE
-0.1455,-0.1437,STORE
-0.3024,0.1169,STORE
-0.0537,-0.1604,STORE
-0.0124,-0.0917,STORE
0.1512,0.0547,STORE
0.122,0.3306,STORE
-0.167,-0.0725,STORE
0.0916,-0.1098,STORE
-0.2034,-0.1355,STORE
-0.0364,-0.32,STORE
-0.0226,0.1229,STORE
0.0834,0.2407,STORE
-0.0085,-0.03,STORE
0.253,-0.4971,STORE
-0.2873,0.039,STORE
0.1074,0.1758,STORE
-0.0563,0.2287,STORE
-0.2811,-0.2387,STORE
-0.0489,0.0515,STORE
-0.1988,-0.1819,STORE
-0.2099,-0.2164,STORE
-0.1423,0.008,STORE
0.0691,0.0227,STORE
0.3375,0.3141,STORE
-0.1599,-0.2035,STORE
0.0372,0.1507,STORE
-0.2732,0.1045,STORE
-0.0757,0.1723,STORE
0.2436,-0.0348,STORE
0.2891,0.2062,STORE
-0.2399,0.095,STORE
0.2055,0.2203,STORE
-0.1693,0.0994,STORE
-0.0816,-0.1873,STORE
0.0902,-0.2693,STORE
0.0645,0.0486,STORE
-0.1469,-0.1678,STORE
0.1323,0.0154,STORE
0.2904,0.1725,STORE
-0.0661,0.1455,STORE
0.1283,0.0407,STORE
-0.0022,-0.1422,STORE
-0.0723,0.0768,STORE
0.1161,0.2592,STORE
0.0776,-0.0198,STORE
-0.2546,0.2003,STORE
0.1277,0.0104,STORE
-0.14,-0.155,STORE
-0.1115,-0.0613,STORE
0.1586,0.0515,STORE
0.326,0.2528,STORE
-0.3232,-0.1483,STORE
0.0316,-0.2843,STORE
0.0256,-0.228,STORE
-0.2412,-0.0678,STORE
-0.1348,0.0866,STORE
0.0228,0.1807,STORE
-0.3254,-0.0594,STORE
0.3439,0.267,STORE
0.15,0.2783,STORE
0.282,0.3059,STORE
-0.0687,-0.0151,STORE
-0.0667,-0.1255,STORE
-0.1718,-0.0271,STORE
-0.0633,0.0799,STORE
-0.187,-0.1771,STORE
-0.0615,0.0615,STORE
0.1543,0.0552,STORE
-0.1183,0.0893,STORE
-0.1748,-0.1359,STORE
-0.2111,0.0986,STORE
-0.0571,0.1219,STORE
0.0668,0.1884,STORE
-0.0773,0.025,STORE
0.2039,-0.4402,STORE
-0.1515,-0.2088,STORE
-0.0087,-0.2144,STORE
0.2086,-0.0727,STORE
-0.1868,0.011,STORE
-0.228,-0.1282,STORE
-0.2149,-0.2437,STORE
-0.1575,-0.1956,STORE
0.0085,0.1035,STORE
0.0456,0.112,STORE
-0.2055,0.0381,STORE
-0.0279,-0.1108,STORE
0.1188,-0.1586,STORE
0.2879,0.3236,STORE
0.3494,0.1641,STORE
-0.1936,0.0255,STORE
0.1628,0.2157,STORE
-0.0053,-0.0464,STORE
-0.0841,0.1524,STORE
-0.0437,-0.1446,STORE
0.2264,0.2017,STORE
0.1902,0.1889,STORE
0.3463,0.1835,STORE
-0.0501,-0.0031,STORE
-0.0577,0.0771,STORE
0.1318,-0.0385,STORE
-0.0743,-0.0389,STORE
0.0637,-0.0421,STORE
-0.0712,-0.0355,STORE
0.1221,0.1233,STORE
0.0492,0.1836,STORE
-0.3428,-0.0368,STORE
-0.3515,-0.1159,STORE
-0.1405,0.0638,STORE
0.0471,0.0521,STORE
0.0858,-0.0526,STORE
0.3016,0.0417,STORE
-0.0845,-0.0951,STORE
-0.341,-0.0772,STORE
0.0194,0.1991,STORE
0.155,0.1782,STORE
-0.1632,-0.0068,STORE
-0.2306,-0.0606,STORE
-0.257,0.0732,STORE
0.1712,-0.1565,STORE
-0.1661,-0.0167,STORE
-0.102,-0.0732,STORE
0.1571,-0.0281,STORE
-0.0306,-0.3035,STORE
-0.0811,0.1364,STORE
-0.0355,-0.0996,STORE
0.1093,0.0098,STORE
0.2305,0.339,STORE
0.125,-0.2215,STORE
-0.0454,-0.0434,STORE
0.047,0.0253,STORE
0.28,0.2909,STORE
0.1539,0.2155,STORE
-0.0249,0.0605,STORE
0.0059,-0.0907,STORE
0.3133,0.1272,STORE
-0.0549,-0.0205,STORE
-0.0647,0.1897,STORE
-0.059,-0.2002,STORE
0.1541,0.1675,STORE
-0.0972,0.1408,STORE
0.0047,0.0088,STORE
0.033,-0.0316,STORE
-0.16,-0.1074,STORE
0.0171,0.0299,STORE
0.1872,-0.0693,STORE
0.0933,-0.0293,STORE
0.19,0.1916,STORE
-0.1274,0.0457,STORE
0.0495,0.159,IGNORE
0.1541,0.1058,IGNORE
-0.3709,0.011,IGNORE
0.1231,-0.1274,IGNORE
-0.1008,0.3416,IGNORE
-0.1353,-0.008,IGNORE
0.1327,-0.085,IGNORE
0.1496,0.0457,IGNORE
0.1335,-0.1635,IGNORE
0.0496,0.1219,IGNORE
-0.1099,-0.3791,IGNORE
-0.0624,0.0235,IGNORE
-0.3471,-0.17,IGNORE
0.2338,-0.1443,IGNORE
-0.1694,0.012,IGNORE
-0.3553,-0.0224,IGNORE
-0.1462,-0.1439,IGNORE
-0.1948,0.0282,IGNORE
0.1356,0.1688,IGNORE
-0.1422,-0.0067,IGNORE
-0.0948,0.0865,IGNORE
0.0846,-0.0813,IGNORE
-0.195,-0.0326,IGNORE
-0.1035,0.0801,IGNORE
-0.2489,-0.0494,IGNORE
-0.1715,-0.0776,IGNORE
-0.1239,-0.1675,IGNORE
-0.0927,0.1446,IGNORE
-0.1014,-0.0307,IGNORE
0.0813,0.409,IGNORE
-0.2459,-0.0335,IGNORE
0.2082,-0.1745,IGNORE
0.1097,0.198,IGNORE
0.0411,0.0501,IGNORE
-0.1475,0.191,IGNORE
-0.1649,0.1275,IGNORE
-0.1191,-0.0745,IGNORE
0.1858,0.2253,IGNORE
0.108,0.1194,IGNORE
-0.2006,-0.0478,IGNORE
-0.081,-0.1857,IGNORE
0.1367,-0.026,IGNORE
0.2412,0.1871,IGNORE
-0.1087,0.0325,IGNORE
-0.1176,0.0655,IGNORE
0.0298,-0.1021,IGNORE
-0.1039,0.0092,IGNORE
0.2424,-0.2761,IGNORE
-0.1913,0.16,IGNORE
0.0246,-0.0807,IGNORE
-0.0536,0.0243,IGNORE
0.2063,-0.0137,IGNORE
-0.1497,-0.0838,IGNORE
0.0523,0.3051,IGNORE
0.1833,-0.0548,IGNORE
-0.028,0.2274,IGNORE
-0.216,-0.0497,IGNORE
0.0613,-0.0951,IGNORE
-0.1796,0.0601,IGNORE
-0.0045,0.027,IGNORE
0.0071,-0.0946,IGNORE
-0.257,-0.1911,IGNORE
0.2325,0.2592,IGNORE
0.1803,-0.0507,IGNORE
0.372,-0.482,IGNORE
0.2974,0.0854,IGNORE
-0.1939,0.0377,IGNORE
0.0381,0.0287,IGNORE
0.1724,-0.054,IGNORE
0.3315,-0.0778,IGNORE
0.2801,-0.5125,IGNORE
0.3522,0.0453,IGNORE
0.034,-0.0979,IGNORE
0.1525,-0.2363,IGNORE
-0.0678,0.0568,IGNORE
-0.1425,-0.0969,IGNORE
-0.1739,0.1167,IGNORE
-0.0356,-0.0977,IGNORE
-0.0133,-0.246,IGNORE
0.0595,0.1753,IGNORE
0.3614,-0.3839,IGNORE
-0.1073,0.1004,IGNORE
-0.2045,-0.1373,IGNORE
-0.2338,0.1126,IGNORE
0.1244,0.0188,IGNORE
-0.2259,0.1026,IGNORE
0.2928,0.2382,IGNORE
0.2267,0.3185,IGNORE
0.2212,0.0897,IGNORE
0.1285,0.0811,IGNORE
0.4154,0.2154,IGNORE
0.0062,-0.189,IGNORE
0.2016,-0.2445,IGNORE
-0.2756,-0.207,IGNORE
0.0223,0.0014,IGNORE
0.0013,0.1437,IGNORE
0.0492,-0.2056,IGNORE
0.4572,-0.422,IGNORE
-0.1646,-0.0887,IGNORE
0.2519,0.1077,IGNORE
0.1342,0.2384,IGNORE
-0.2459,-0.2656,IGNORE
-0.1647,0.0053,IGNORE
0.1607,0.2065,IGNORE
0.2325,-0.409,IGNORE
0.1719,0.3413,IGNORE
-0.1514,-0.3061,IGNORE
-0.0221,0.1499,IGNORE
-0.0772,-0.0114,IGNORE
-0.1521,0.1928,IGNORE
0.0477,-0.1956,IGNORE
-0.223,-0.0097,IGNORE
-0.1643,-0.0707,IGNORE
-0.0551,0.1244,IGNORE
0.01,-0.034,IGNORE
-0.0015,0.0945,IGNORE
0.0365,-0.1569,IGNORE
0.4195,-0.5139,IGNORE
-0.1266,0.2449,IGNORE
-0.0845,0.0067,IGNORE
0.0273,0.0472,IGNORE
0.1394,0.2647,IGNORE
-0.0899,-0.0212,IGNORE
0.1249,0.0402,IGNORE
-0.2176,0.1517,IGNORE
0.0459,-0.0806,IGNORE
-0.239,0.0525,IGNORE
0.174,-0.0209,IGNORE
-0.1206,0.0557,IGNORE
-0.0392,0.2776,IGNORE
-0.0893,0.062,IGNORE
-0.0914,0.0363,IGNORE
-0.2901,0.0458,IGNORE
0.0169,0.0887,IGNORE
0.1122,0.0288,IGNORE
0.224,-0.414,IGNORE
-0.0527,0.0344,IGNORE
0.2216,-0.1748,IGNORE
-0.0421,0.0675,IGNORE
-0.1538,0.0047,IGNORE
0.005,0.1787,IGNORE
-0.2909,-0.103,IGNORE
-0.0256,0.159,IGNORE
-0.0709,-0.0047,IGNORE
-0.2649,0.1614,IGNORE
0.0317,-0.0394,IGNORE
0.0802,-0.1685,IGNORE
0.1432,-0.1145,IGNORE
-0.2793,0.0319,IGNORE
-0.1725,0.1856,IGNORE
-0.0701,0.0654,IGNORE
-0.0532,-0.0108,IGNORE
0.0404,-0.1321,IGNORE
-0.0636,0.1051,IGNORE
0.1235,-0.0174,IGNORE
0.1016,-0.204,IGNORE
-0.0546,0.1831,IGNORE
-0.2144,0.2333,IGNORE
-0.0255,-0.1406,IGNORE
-0.2724,0.0598,IGNORE
-0.1639,-0.0003,IGNORE
-0.001,0.0474,IGNORE
0.0299,0.0524,IGNORE
0.2842,-0.44,IGNORE
-0.0504,-0.1535,IGNORE
-0.1781,0.02,IGNORE
0.0461,-0.0427,IGNORE
-0.266,-0.036,IGNORE
0.0874,0.0766,IGNORE
0.2445,-0.5466,IGNORE
-0.1643,0.032,IGNORE
-0.0094,0.051,IGNORE
-0.107,0.0532,IGNORE
-0.1967,-0.1886,IGNORE
-0.2685,0.0451,IGNORE
0.1775,0.2634,IGNORE
0.0217,0.2232,IGNORE
-0.0072,0.0589,IGNORE
0.2745,-0.3889,IGNORE
0.1055,0.038,IGNORE
-0.1689,-0.0083,IGNORE
0.35,0.1054,IGNORE
0.1168,0.19,IGNORE
-0.0473,0.1082,IGNORE
-0.059,-0.2822,IGNORE
-0.0036,-0.0942,IGNORE
-0.1893,0.0091,IGNORE
0.0676,-0.0157,IGNORE
0.3062,0.0626,IGNORE
0.1216,0.1941,IGNORE
-0.2267,-0.3052,IGNORE
0.2876,-0.5444,IGNORE
-0.0396,-0.2247,IGNORE
0.2497,0.0739,IGNORE
0.0826,0.0081,IGNORE
-0.1526,0.0282,IGNORE
-0.1638,0.0023,IGNORE
-0.0474,-0.1045,IGNORE
0.0847,-0.0505,IGNORE
-0.0159,-0.2373,IGNORE
0.0506,-0.0888,IGNORE
0.2756,0.0515,IGNORE
-0.0198,0.072,IGNORE
0.1794,-0.3016,IGNORE
0.1558,-0.2569,IGNORE
0.2454,-0.4567,IGNORE
0.0336,0.1349,IGNORE
-0.0025,0.2543,IGNORE
-0.0271,0.0252,IGNORE
0.1814,-0.0418,IGNORE
-0.0709,-0.0368,IGNORE
-0.0857,0.1234,IGNORE
-0.1107,-0.1008,IGNORE
0.0415,-0.1024,IGNORE
0.1924,-0.2461,IGNORE
-0.1254,0.0465,IGNORE
0.3284,-0.407,IGNORE
0.312,-0.5377,IGNORE
0.2393,-0.0659,IGNORE
0.26,-0.3811,IGNORE
-0.1659,-0.0579,IGNORE
0.1273,0.0922,IGNORE
-0.134,0.0646,IGNORE
0.4162,0.1436,IGNORE
0.225,-0.0027,IGNORE
0.1797,-0.0543,IGNORE
-0.0263,-0.2114,IGNORE
-0.2564,-0.1281,IGNORE
0.0616,0.0296,IGNORE
0.4609,-0.0376,IGNORE
-0.1875,0.0265,IGNORE
-0.1111,-0.0052,IGNORE
-0.1325,0.0033,IGNORE
0.0379,0.1817,IGNORE
0.0854,0.0355,IGNORE
-0.1733,-0.046,IGNORE
0.1932,0.0578,IGNORE
-0.06,0.2024,IGNORE
0.4338,0.0714,IGNORE
-0.0879,0.2112,IGNORE
-0.0703,0.0163,IGNORE
0.187,0.1777,IGNORE
0.0642,0.0906,IGNORE
0.2479,0.2202,IGNORE
-0.3578,0.0534,IGNORE
-0.2273,0.1561,IGNORE
-0.1739,0.0397,IGNORE
0.0019,0.0244,IGNORE
-0.0058,-0.1508,IGNORE
-0.1662,0.0523,IGNORE
0.3103,-0.5013,IGNORE
-0.062,0.104,IGNORE
-0.1143,0.149,IGNORE
-0.0631,0.1482,IGNORE
-0.2465,-0.0183,IGNORE
0.3322,-0.1825,IGNORE
-0.0925,-0.389,IGNORE
-0.1758,0.0697,IGNORE
-0.1581,-0.1121,IGNORE
0.3635,0.1325,IGNORE
-0.056,0.0456,IGNORE
0.16,0.2277,IGNORE
-0.216,0.0402,IGNORE
-0.0837,0.0213,IGNORE
-0.1632,0.0893,IGNORE
0.1075,-0.0315,IGNORE
-0.1378,-0.0879,IGNORE
0.257,0.1255,IGNORE
0.1341,-0.0615,IGNORE
0.0826,-0.1216,IGNORE
0.168,-0.1019,IGNORE
-0.1245,-0.0222,IGNORE
0.3636,0.0406,IGNORE
-0.1732,0.2093,IGNORE
0.1237,0.0621,IGNORE
0.1746,-0.0414,IGNORE
0.3939,-0.5211,IGNORE
-0.2539,0.0145,IGNORE
0.257,-0.4802,IGNORE
-0.11,0.1568,IGNORE
0.4522,-0.0034,IGNORE
0.0985,-0.0593,IGNORE
0.059,-0.2867,IGNORE
0.0363,0.0282,IGNORE
-0.2986,0.0701,IGNORE
0.1709,0.1013,IGNORE
-0.1777,0.0128,IGNORE
0.0667,-0.3456,IGNORE
-0.0138,-0.0088,IGNORE
-0.3072,0.1146,IGNORE
0.0332,0.2475,IGNORE
0.023,-0.1106,IGNORE
0.0385,0.1989,IGNORE
-0.0715,-0.1459,IGNORE
0.1966,-0.1019,IGNORE
-0.0646,0.1472,IGNORE
-0.0776,0.2037,IGNORE
-0.2597,0.0628,IGNORE
0.1149,-0.0204,IGNORE
-0.0017,0.0939,IGNORE
